model,MAE,RMSE,MASE,Bias
seasonal_naive,2.3185205853174606,3.0067608119599956,1.732386110530262,1.7317507058913308
naive,3.78320293421856,4.45910854649494,2.826788883420749,-0.882479948870573
mean,3.788833121924255,4.39729969422285,2.830995729390887,0.48100564606537183
drift,4.339890674447435,5.117957264105129,3.242742968617251,1.0068021780426908
